user_id,how_enjoyable,quality_convo
53979923fdf99b1ccc3f11f6,8.0,8.25
555527dafdf99b16a75afd54,9.0,8.5
558823c2fdf99b318cb4224b,7.0,6.0
558a0bc6fdf99b2d7699a94c,9.0,8.5
558a327cfdf99b2d75651681,6.5,6.666666666666667
558acd52fdf99b65685f03d9,8.5,8.125
558b7b06fdf99b21155f2c1b,7.6,7.0
558fbd42fdf99b7ce29246bf,9.0,7.5
5590e768fdf99b1e5e44e525,7.0,8.0
5591b00afdf99b62fdfd6a34,7.0,6.5
55a43cf3fdf99b02ff6cb0b4,6.5,7.166666666666667
55b3120cfdf99b6ef6263a71,9.0,9.0
55b90235fdf99b26070d7663,7.0,5.5
55c4ea6dfdf99b4adb996618,7.666666666666667,7.833333333333333
55cb7fdafdf99b3c26ae4d4a,8.0,6.833333333333333
55ed87f0748092000baa9a0b,7.5,7.125
55f5946a32af74001017047b,8.166666666666666,7.166666666666667
55fb0c5377f33b0005cb1f12,9.0,8.5
5615777c7ffc8a000a811c61,9.0,7.5
561d98e03d7fe8000b0f5e09,6.0,5.625
566c7564d408ea000519c678,9.0,7.0
56802e5fc5767f00121cc6a0,9.0,8.0
5687d85e369319000c269c55,7.25,7.5
56b399cd2bac74000d89ddfa,9.0,9.0
56db4c217dcddf000bd5853c,7.5,7.625
56df9a836b4093000bd896c7,6.8,6.6
56e130548b1c33000a388671,8.333333333333334,7.333333333333333
56f91ae77f69ff000aff9a09,8.0,8.5
5706fb93914b7100093b7925,7.714285714285714,7.785714285714286
571cea664ca277001153c045,8.6,7.9
57237767844581001202947a,9.0,9.0
57272517e386b9000e3e2b72,7.333333333333333,7.0
5733464fbc6923000fcd2de1,9.0,8.0
573bc4fbf3580b000fce0af4,8.5,8.5
57656f6c2bfddf000125cce5,7.25,6.0
578b7f0e900cc80001d2e55f,7.0,6.5
57950da04a84da00014c5dbb,6.2,7.1
57abc011f00139000156f638,9.0,9.0
57af9cdda169b50001a434e3,6.333333333333333,6.916666666666667
57d0badf28d5250001bdd9d2,7.0,7.0
57d6dd8d6598aa000199188b,7.0,7.5
57f6aefc42bfc700016ab1e0,9.0,8.25
58043bb3bd8a970001fdef44,8.0,7.0
58066bf52d948b00014ba876,7.0,7.0
580cab86b869700001d71628,6.0,4.5
582879857e8aef000152fba4,7.0,8.0
583f02c8ca2e57000184353c,8.0,8.0
5850d667b64b9e00017cb722,9.0,8.5
58641c3bdb3e720001e22831,6.0,6.75
5869dec37fbbcd00013974e2,7.666666666666667,7.833333333333333
587418895c17910001ea4e75,6.2,6.9
58ac890076c5b70001662993,3.0,5.0
58adba7a5e63bf00013b51c6,9.0,9.0
58ae59babb9e0f0001acb414,7.5,6.416666666666667
58c1ce3c3783090001b49355,7.333333333333333,6.5
58cc6e1293dac30001d4abc6,9.0,8.0
58f0fca0d40252000192f201,6.666666666666667,6.0
591bc89fb817f400015b7017,9.0,8.666666666666666
592481c14c4d6500016a1767,8.0,8.5
59278c090220760001fda664,8.0,7.5
59296fb2e8a7ff000163f033,6.5,7.0
592bb32c943e670001cde123,7.0,8.0
593dfb9ea2bf080001ed3b65,8.0,8.25
5949f3a2833f6d0001623eca,8.0,7.5
5951c8505f42c10001ff3f93,8.0,8.5
596fea64a5c32a0001584755,8.0,7.5
5977e3867412f8000194e1fe,6.2,6.9
597b858909bdcf000153ff58,7.75,7.75
59877315f8b162000167a2c6,7.75,7.625
5987c9f26ab9880001b5b04d,8.2,8.1
598c9125cceb0f0001b39697,9.0,7.5
5996ad5c9845ef00014de423,8.0,7.5
59ad6f1e09709e00013c2ba5,8.0,8.0
59b013c8f69f340001866ffc,8.0,8.0
59c25b315364260001dc4b45,9.0,7.5
59d5126df35ff40001914d8e,7.333333333333333,7.5
59d5888d21977e0001d630f3,9.0,8.5
59d5c894c732930001d88b5e,8.0,7.916666666666667
59e18a4fe75b450001a69007,8.0,8.0
59ed1eb67f3d71000171e23b,3.0,5.0
5a0f7d84ff266c0001d209cc,8.333333333333334,8.333333333333334
5a127fc7c259f30001766641,7.333333333333333,7.333333333333333
5a135875074b1900012527a9,8.0,7.5
5a198755f2e3460001edc5c9,4.2,5.8
5a2ef2d89c334d0001775a0c,9.0,9.0
5a3dfbbcdaea400001ac1adc,7.0,7.5
5a49d6a06d85f80001c25bc4,7.5,7.0
5a50fab2f6c517000194760b,7.5,8.0
5a519789e0cf3d000125ee02,9.0,8.5
5a59452c76d1c60001ab20aa,8.0,7.75
5a5d0554ac562400015402dd,9.0,8.5
5a68bd3463394a000155c9e7,9.0,8.5
5a68c01031b87a0001c752c3,9.0,8.25
5a693e48c0d8360001082fda,6.833333333333333,7.083333333333333
5a70d87e9cdd180001776440,9.0,8.5
5a73899f9cdd1800017786f0,7.571428571428571,7.571428571428571
5a78c698000dab00018c2598,8.0,8.5
5a791168f49c9a0001f31061,8.857142857142858,8.285714285714286
5a79de1faa46dd00016b3a60,8.0,8.5
5a79f14a8fe2dc00010593eb,6.6,7.2
5a7b2b52000dab00018c402b,8.0,6.875
5a7e017f527fd000014685d2,6.75,7.375
5a883128b093f80001a7eeec,8.0,6.0
5a8b8667ae9a0b0001aa194f,8.0,8.5
5a8d5e4e000dab00018ce464,6.333333333333333,7.166666666666667
5a91877e777df200015fa0f5,3.0,4.666666666666667
5a9493ce873cda0001dc6dfb,8.0,8.5
5a9a9a34dbdb470001eee32c,9.0,8.5
5aa35f2d777df20001605db6,7.0,7.0
5aa5c96ff6dfdd0001eafd08,7.0,8.0
5aa61dd36475f90001a05dcf,6.666666666666667,6.0
5aaf4b0ce1546900019b01de,8.333333333333334,7.666666666666667
5ab4149e0527ba0001c1656e,8.666666666666666,8.5
5ac53209fa3b4e0001736f22,9.0,8.0
5ac53367e1546900019c03ba,7.0,7.5
5acba4a15cd10500016280ca,5.857142857142857,6.5
5ad4a9f30f5d3900016a4d8b,6.5,6.5
5ad7c075c25ea0000188486b,9.0,8.5
5adfa230f6b58c0001fa8cb1,9.0,9.0
5ae74788d5ec5e000175ea08,5.5,6.25
5ae9d42e9d82560001bdd824,7.0,7.0
5aea85ab831584000180a1f6,8.5,7.5
5aea9a59852ddf0001ced15e,7.0,7.5
5aeb922a75deca0001624d23,7.333333333333333,7.166666666666667
5aeffc6e0ccc2e000185aa28,6.4,6.7
5af67a42e066a400011347c0,7.0,7.0
5af9b78246f0040001e34b19,9.0,8.5
5afa5252672ea800010d97e6,5.0,6.166666666666667
5b0319e68d753d0001cc75c7,7.5,7.5
5b11682bd3ef5a000107dc58,9.0,9.0
5b16d24d388d8b00014fa6e6,8.0,8.0
5b184a76c9d3cb00010ff605,9.0,8.0
5b18647968a5ed00017343ec,7.666666666666667,7.666666666666667
5b1dded94c72120001f22444,7.0,6.5
5b21c4ab31d0080001b9f55e,-1.0,6.0
5b23d0784fb0d40001e95407,8.0,8.333333333333334
5b315e97f23189000161a03d,8.0,8.5
5b32599cc8e94a00018f22a5,6.0,7.5
5b48e77c369f84000112a85c,6.5,7.25
5b497448369f84000112bc43,9.0,8.5
5b4983840753d30001db8ab3,7.0,7.666666666666667
5b4a6e57d317a20001e2d051,9.0,8.5
5b4d15c23d01bd0001ec4018,7.0,7.5
5b57dcb2b1c76d00016f8599,8.0,7.5
5b5e7e643bac1d0001f9bf28,7.666666666666667,7.333333333333333
5b66ce776f0d0400010d678d,8.833333333333334,8.5
5b67735c05753f00016b54ab,9.0,8.0
5b6cb3049ee1a50001c5ef0f,9.0,8.333333333333334
5b6cd50f9ee1a50001c5f481,9.0,9.0
5b71f50a4d08b700018a90d8,7.0,7.5
5b7ca6161e35f0000172fa14,9.0,8.25
5b8320b0b0d72600018dc739,7.0,8.0
5b836aa6413ac100010d165c,8.0,8.5
5b8597308f1e2600019bbf90,8.0,8.166666666666666
5b8e11444cd6dd0001bf07d9,7.0,5.5
5b905d47e057280001e4af42,9.0,8.0
5b90b56f42e93f00017cc85a,9.0,9.0
5b95981f21e7200001f5987a,8.0,7.5
5b97f8988ae8150001c7a887,7.0,6.642857142857143
5b997597caaef400011da16d,7.666666666666667,8.333333333333334
5ba2d949821f7600011d1ccc,6.0,6.0
5ba3d4590e41db0001786ca1,8.0,8.0
5bb6413cb4dca50001df0096,8.333333333333334,8.5
5bc0bcb38b1ded0001bfaa58,9.0,8.5
5bc4ff222c08740001316ed2,8.0,8.5
5bc9f8b677740000016a08b5,5.5,7.0
5bcc60b95c2b810001dc68e2,6.0,6.0
5bd086bbc3b40e0001df9551,7.666666666666667,8.333333333333334
5bd0d9bf25db7b0001786a5b,8.25,7.5
5bd4143d669ee1000144ac35,6.0,7.5
5bd4cb4f25db7b000179488d,9.0,8.5
5bd63dfb860b840001dc249e,9.0,8.0
5bd8d97c26903900018579d3,5.6,5.7
5bdc6d16d9bc4e0001134779,9.0,8.0
5bdc94f819b9ba000157da85,8.666666666666666,7.666666666666667
5bddd72b18f1b9000174109e,8.0,7.0
5bdf8df9ed3acf000166aafd,8.0,7.0
5be04ea54a5e53000157ac4f,9.0,7.0
5be05da9b5be300001e54be5,7.75,8.25
5be1ac50ca095c0001b9f717,8.0,8.25
5be31317d6e8c40001d00d23,9.0,8.75
5be76781f6d13b0001cf5257,8.4,8.5
5be879272b86b00001b9d0e2,6.0,7.5
5be8de2ed3560900015c743a,8.333333333333334,8.166666666666666
5beaf789650d4f00015b9e63,8.0,8.0
5bed01c8306ec30001fb80e2,7.0,7.0
5bf336d965825d00017cf3c2,9.0,7.5
5bf3761862e1bc0001f15cb2,8.0,7.0
5bf54aa4d382df0001b9e43b,8.0,8.25
5bf5f40635087500014257fe,8.25,8.375
5bf604c93a46830001a6d26b,9.0,8.0
5bfb3c42b2fc16000101296b,7.0,7.5
5bfcb5e3aa5fa30001364404,7.0,7.0
5bfd81fb2feab400014d9060,7.5,6.5
5c0017c8f4fb890001d68650,9.0,9.0
5c0023fb2213be0001c2cdde,7.666666666666667,7.666666666666667
5c0595bb1a20110001e9f1e1,9.0,8.5
5c08aaefa4e5fc00017541dd,8.0,7.0
5c0abcc49f5dfb00011cf6a6,7.0,6.5
5c0c35ff217d600001121ae5,7.0,7.0
5c102b9461df5c0001cb468b,9.0,8.5
5c114210280a8200019d7b1d,8.0,7.625
5c12f106c4b80e000192c472,9.0,8.071428571428571
5c154c316157a50001643610,9.0,8.5
5c159f7745de2c000133c3f2,6.4,6.5
5c1a4a6240df6b0001880308,9.0,9.0
5c1a4d7d1aea120001fdd685,9.0,7.5
5c1bf2d025bab90001f233fd,8.0,7.0
5c1c157f77936700018284b7,6.0,6.5
5c1d8e5d0091e40001c844ed,6.0,6.0
5c1e94832c45d40001477352,9.0,7.5
5c228e5c867f660001ad66be,6.4,7.5
5c266e991fc74500017cb567,9.0,8.5
5c270d8f2c45d400014909e8,8.2,7.9
5c27e76978fad500019328cc,7.5,7.5
5c2805401d4eb70001177bfc,6.5,6.75
5c284e0970d93a0001211e16,7.0,7.416666666666667
5c2854db89f035000174b3d0,6.0,6.5
5c291c9e1496350001cd4646,7.0,7.5
5c2d2bedbe01f100013be5c7,8.0,8.0
5c30b27e3329f40001e8e582,3.0,4.5
5c327f67cced450001d49ea4,7.0,7.5
5c33c6db5dba3c00015ec0e7,7.0,6.5
5c340fd5a83d180001783c67,8.0,8.0
5c35101dbef9a20001e323f2,7.333333333333333,6.333333333333333
5c3630c83ce2c8000111b504,9.0,8.0
5c3a1ef5e57f0500018506c0,7.0,7.25
5c3a34eebe1ddc0001aa35d6,8.666666666666666,8.833333333333334
5c3ab5ad1ede2b000115d6aa,8.0,8.5
5c401a3da2bdc5000121ba5b,8.0,8.0
5c4098bc2dcf46000167e4c9,9.0,8.0
5c41c28e896e090001c03bb0,7.0,7.5
5c43c90d5aca820001f73f6f,6.714285714285714,6.714285714285714
5c4534332b1bda0001f5791f,8.0,6.666666666666667
5c47febdc41b2a000183b95a,8.0,7.0
5c4a40123714ae0001863e8a,7.666666666666667,8.0
5c4ac37abe23f50001e7f8b4,9.0,9.0
5c4af67cdccaa800016b3192,7.857142857142857,7.928571428571429
5c4d1a6c9ce35100019dbc88,6.0,6.25
5c4de8f726093e000134ee6e,7.75,7.75
5c4e58785994ca0001132982,9.0,7.5
5c4ebc2361922600011642e6,7.0,7.0
5c53b76553fba80001bca743,8.0,8.0
5c54bf7d77f9e700015ef638,8.5,7.75
5c57d2dccf1cd900018d7226,9.0,9.0
5c5b8a16d211570001291b11,9.0,9.0
5c5c06b9ba12df000140be91,6.0,7.5
5c5c4179ee8ba60001336bb1,5.0,4.0
5c5c76a0bfe5280001447999,9.0,8.5
5c5ce95a92e37d00012f2d94,7.666666666666667,7.833333333333333
5c5da579bfe5280001448433,7.4,7.3
5c5db893b40f3800011084b4,7.0,7.5
5c5dba4ed86a7f000191e5d5,6.333333333333333,7.166666666666667
5c5e4e5106006e0001db8f0c,5.0,5.5
5c5f7a56054ae60001d066f2,4.666666666666667,4.5
5c5fc0136467ac0001b80940,6.8,7.2
5c670a430d80fd00014264f9,7.0,7.0
5c683401b75f9000019f49ba,8.0,7.5
5c6babadec1fb80001c18bed,6.25,6.7
5c6c90bcf4dc2c0001e8d6d1,9.0,9.0
5c6d460ec3aa150001145611,9.0,8.0
5c6f1611922d7a00017cb800,7.5,7.25
5c6f2e7632cb70000169b490,6.666666666666667,7.333333333333333
5c707aa503f85b0001af8c7b,7.5,7.0
5c738ffc61dd7e0001a16a72,6.333333333333333,6.666666666666667
5c75419284e176001254c7a5,8.0,8.25
5c75471e5eb59f000131c7a4,7.5,7.75
5c78dc27e8df4d00150c5252,9.0,8.0
5c78e5930d75f00015f6002a,9.0,8.0
5c7a4ca80b94ca00164122a1,8.0,7.875
5c7c1b0dda78bc0001257fa2,6.666666666666667,7.5
5c7c73b6f48c6d0001f6f49c,9.0,8.5
5c7d7e86848d2a0016b3dd3e,9.0,9.0
5c7e91c1973c990016ea72b0,7.2,7.5
5c7ec09ff123b3001022c20a,8.0,8.0
5c7f6bbdc2d6ce00015af169,9.0,8.5
5c817d90fae0130015ce9bda,8.4,8.4
5c82a8cdfff8430015e9942f,9.0,9.0
5c82acc04fd379001524a6ae,6.0,6.5
5c871711c558df00015663c9,8.0,8.5
5c89bf9c54effd0016d7285b,8.0,6.0
5c8a9fcefc99500016552933,7.0,8.0
5c8be0dd542fbd0016924f5f,7.4,7.5
5c8f924dbd496e0012a84583,8.5,8.5
5c90fd5c26e3ed0001989e17,7.0,8.0
5c9107147a7067000190a544,8.0,6.25
5c91c693765dad0016f8495c,8.4,8.1
5c91d45264d5c100171ea8ab,7.333333333333333,7.333333333333333
5c9244da40643d0001c39982,6.0,7.5
5c9527e29e4f7400011e1571,4.0,6.0
5c95970cd676900016e1a940,9.0,8.666666666666666
5c97d5bb41502a0017b3aadf,8.333333333333334,8.333333333333334
5c989ea4c7f75b0001677fa8,7.25,7.5
5ca229d63861e700154363bd,6.5,7.25
5ca6bbf13b5fcf00100996e9,8.166666666666666,7.333333333333333
5ca7a84f6c0307000114930b,6.0,6.5
5caaceabc3c36a001557dd8c,9.0,8.0
5cb35e2314235c0001320446,7.5,7.75
5cb3ca4e66fddc001481db61,9.0,7.5
5cb41daa19eba30012701245,9.0,7.5
5cb501c0c79edc0017faecd3,5.0,6.0
5cb60f1eefd4130001bbfdb7,7.25,7.5625
5cb62855a8a6d400176eca83,9.0,7.5
5cb62e9293342300017a72a1,7.5,6.75
5cb882d33f0af9000159e00f,9.0,8.0
5cb8cffaf162a30001e60d45,-1.0,8.0
5cb929bfebd17d0017e7f848,8.166666666666666,7.583333333333333
5cba3e70f429ff00149dd978,7.0,8.0
5cbb2c92b413150001a88e13,8.0,8.5
5cbe04b4f429ff00159de30e,8.0,7.25
5cbea0b506e27c001e4c03a8,7.0,6.5
5cbf7734aae1180017942e45,8.0,8.0
5cc020d5159f790017bee28b,7.8,7.75
5cc0911796a3ca00011ddfcc,9.0,7.5
5cc344f6a187880001370d77,8.0,7.0
5cc34f64b4a9220015911c45,8.0,8.0
5cc46571f317fe00154e075e,9.0,8.0
5cc604bd3bbb120018a3c0e2,7.0,7.0
5cc93712f2915d00148a0602,9.0,8.5
5ccd0f98bc4e160001c0d622,7.0,7.0
5cd8d86210887400182db201,6.25,6.5
5cdcfb9de3e7c20016a4082c,6.0,6.5
5ce30fb4c6aade001903ed6d,7.333333333333333,7.5
5ce356fa1497a8001a8469d3,5.0,5.0
5ce36fd645ff250001244987,6.0,4.5
5ce610802be975001b46f0ac,5.0,7.0
5ce791d77a1a2300188e03bc,8.0,7.5
5cea6a19be3e050016bf85f2,8.0,8.5
5cea73210b20970001acee5f,8.0,8.0
5ced8f96a726ed0015d31452,7.0,8.0
5cef4881fb09f7000157f151,8.0,8.5
5ceff90683416100197cde83,7.333333333333333,7.5
5cf274cb201b8000190c85cd,7.5,7.5
5cf480e61e7dd30001eee4c1,7.0,7.5
5cf6231511ba980001e3aa3d,6.666666666666667,7.166666666666667
5cf942378da406000127871f,9.0,8.5
5cfbcc1fa7f8940019cd8704,5.0,6.0
5cfc3d486e9951001a0cb8cd,5.8,6.4
5d05767056e71d001863ef54,8.666666666666666,7.333333333333333
5d06b3a3ae1dc1000167e533,8.666666666666666,7.833333333333333
5d09658d561a350001d62540,7.0,8.0
5d0a731abf09e10001c3f3d8,7.5,7.0
5d0c3381da7493001ab3a903,9.0,8.0
5d0eb8f40c09d600174dca28,8.666666666666666,8.166666666666666
5d0ef1db991536001911cbf0,5.0,6.0
5d0fb996286e1700010de2c1,4.333333333333333,6.75
5d10d808156091001a74639e,7.75,8.0
5d10eaf23afd390019075267,6.285714285714286,6.642857142857143
5d1534993fa4550019cf8aec,7.0,6.75
5d1554e28ecfae0017a026eb,7.0,7.333333333333333
5d17227bab610c00170fd98d,8.0,8.5
5d18251e19c4900016c01035,7.0,7.25
5d1aadf961a40900171f6931,9.0,8.5
5d1ba5653788ac0019ced548,8.333333333333334,8.0
5d1ccc7c7e747d0016183e65,7.0,7.0
5d1e36a751bab9001616225f,8.0,8.5
5d1e5e30a043ee0019453932,8.0,7.7
5d1e943542ea95001a078e22,8.0,8.5
5d1ff768c1dc1c0016162bf6,7.0,6.5
5d20081484b46c001977a5c7,-1.0,8.0
5d250aa62bf4a600012a0c0f,7.0,7.5
5d25fb29c03bad001a86e557,5.0,6.5
5d2c54fadc093b001983dc57,9.0,8.0
5d2e4fd16adc630018df841c,7.75,8.0
5d2f054b1dde3600015e43d9,9.0,8.5
5d2f7fb4bb27200019010768,8.0,7.5
5d30790f326b0f0017a2a828,8.0,8.0
5d30a875ad3457001743fbc9,5.666666666666667,6.333333333333333
5d314d9a667c4e0019ccc45d,6.0,6.0
5d3213238088eb0018fee4c9,8.0,8.5
5d3356323e1190001909339b,8.0,7.833333333333333
5d338bb02381b7001761694e,9.0,8.666666666666666
5d3515c39ce6590017010766,9.0,8.125
5d36600685d1d50001affacb,7.5,7.25
5d3758292faa0d0016797c0f,6.0,6.5
5d378c6281077c001962a614,6.0,7.0
5d37c1724803980016b2207e,6.0,6.0
5d37d2861566530016a061de,8.4,7.833333333333333
5d38c604b3126d0001fbed6e,7.0,7.5
5d3bfd65aca82300157c95c2,7.0,8.0
5d3f6c700bd40e001cf67d98,9.0,8.0
5d42407c2de85600173b5f1e,-1.0,3.0
5d42486206811e001ada5b4b,8.2,7.0
5d42eb0db3dfc40018ab2c36,9.0,8.75
5d437b12e2051e0001a248ca,8.0,7.666666666666667
5d446af8687d6c0019c0ca03,8.5,8.75
5d45bcac090549001a67b6f0,5.0,5.75
5d497f8d3c428d0017121681,8.0,7.666666666666667
5d49a0b751695e0001a188a8,7.857142857142857,7.642857142857143
5d49b7be18ecc30017428cd2,6.333333333333333,7.166666666666667
5d4a01a20b5bf80019ad0070,6.0,7.0
5d4a1c61be2a040001beaedb,7.0,7.0
5d4c7aa8f05d320001760340,7.0,7.5
5d4c7ac3e8ec490018b0050d,6.666666666666667,7.0
5d510396f6725b001a4fc025,8.0,7.833333333333333
5d515de747ee500019e799ea,9.0,8.5
5d5162f1b50a1000169da137,8.2,7.4
5d52f6bdc93322000116f8dc,8.0,8.0
5d537ba1809af30019713699,9.0,7.5
5d545ca7f3419700170ad579,9.0,9.0
5d54d3560c5b0400174b3c81,6.4,7.583333333333333
5d5b64a224470200150a9cf1,7.5,6.75
5d5dc2d37bfc8400013b653c,6.5,7.166666666666667
5d5eeb06d8bcde00162d73f1,2.0,4.0
5d5f07cdca10e90016bc0103,6.0,7.0
5d61798ee6c26f001cbe2356,8.5,8.5
5d618d5b13b88900195548f2,7.5,7.25
5d625b4550d0dd0017805839,9.0,8.625
5d633f7d4b3d9000011fc60a,9.0,7.083333333333333
5d6807f9778de5001a120d9a,7.8,6.6
5d6d95547481f10019db1f28,9.0,8.0
5d74001d391b6600175f433b,6.0,7.5
5d788a48a745e900191b0447,8.0,7.25
5d792a20c0a7b8001879154a,7.5,7.25
5d79375d794d900017671c07,9.0,7.5
5d7bd6f64b15c1000195721a,8.5,8.5
5d7fd2a5987f70001602d95b,8.25,8.0
5d81611eb54787000140f73a,4.5,6.833333333333333
5d81746b784c7600198580ee,5.6,6.5
5d82721a7d2c7400173d26cb,7.0,7.0
5d82e7cdf00cd300176b5566,7.0,7.5
5d84d74aba692b001d6708b3,7.5,7.25
5d84e353a954540015f51437,9.0,8.0
5d88f2f8cefb52001a83f1b2,7.0,6.5
5d8aafe09d72b20019dc66d3,9.0,9.0
5d8b7c00f6c3640019267f3b,8.0,8.0
5d8cf61c8057a8001b0569be,8.0,8.5
5d8d29488bb7fa001a59cfec,8.0,8.0
5d8d821215875e001482ece7,7.25,6.75
5d8de6eaafa2c40019f2375e,8.5,7.0
5d8e361e6e920e0014b459d9,5.0,4.5
5d9283b2fef9a5001ab28d18,9.0,8.5
5d929c1d243c0c001a369955,7.0,7.0
5d92a47e503fb200182d6aa5,9.0,8.25
5d949970ca12280014908f72,7.0,7.5
5d951d9419479d00155e7140,7.0,7.5
5d961edc1b7e120012c4ca34,9.0,8.75
5d96203d74f4a000159a8c58,7.0,7.0
5d964976b8040b001761467c,6.166666666666667,6.666666666666667
5d96fe713cc967001852334f,9.0,9.0
5d98077e74f4a002ea9a8c40,8.0,7.5
5d9a7b223dbc9e02ad435c90,8.0,8.0
5d9b20dd62b8100014e8cb53,7.0,6.5
5d9be30b027b5602c520d93b,8.0,8.5
5d9bf6ef9bb6870364067287,8.0,7.0
5d9d2e421af9ed0011c31894,9.0,7.75
5d9e009c63fa4c00164576a5,7.0,7.0
5da20df461471f0014bb184e,7.666666666666667,7.333333333333333
5da4e65ee7fdf4001aa4dab1,7.0,8.0
5da8ded81844f20015bf9a62,8.0,8.0
5da947c15854ba0011d3a88b,-1.0,8.0
5daac00a033d570013579de0,7.0,7.5
5dab7683c514d8001730ae4e,7.8,7.4
5dabdb6cee054900172563a9,9.0,8.5
5dacf0bb8f8b6800114d9013,7.5,7.5
5dad225f000b3700186ed71b,7.0,7.0
5dae16d241fbb6001160ce72,6.625,7.25
5db25a62299961000fc5628d,7.5,7.75
5db2cfc2aa1295000aa719c1,8.0,7.0
5db3a4ad4e72fe000cfb3dc9,9.0,8.125
5db6f5c8c5ffeb000ac7cfb2,7.0,7.6
5db721e8e26da7000b6c7f85,6.5,7.5
5db89792ad8fd5000c855134,8.0,7.5
5db9a46ff8e3f9000f88cb85,8.0,8.25
5dbc46b70338051eb7999760,7.166666666666667,7.5
5dbf9446a3f5cb419e9d28c8,7.0,7.25
5dbfc5016d82ff42896b1f76,9.0,8.5
5dc0ac2c441a2105cbb3bb0f,7.333333333333333,6.666666666666667
5dc0cc1f317aa4076275ddf9,8.0,7.5
5dc59ba2dbf82041d1ebc7de,7.0,6.0
5dcb1db49173807fc66660cb,9.0,8.5
5dcb55b60133ef83a90f85ac,7.0,7.0
5dcc2827b1dabb8be6a9048e,9.0,7.5
5dcdcf1f3d341109f64a5127,8.0,8.25
5dce9859c41dc20fc2407bf0,7.0,7.166666666666667
5dcf55f1cc192008cf8404b8,7.5,7.75
5dcf6037b103ee09ffb24ad9,8.0,8.0
5dcf716a5726040ac12efe1d,8.0,8.0
5dcf9e053269920b9fabfe19,8.0,7.5
5dcfe5ec41fb3f0de0080f1a,8.5,8.25
5dd0103cb2204f108c201552,7.0,7.375
5dd05e209c84d814d77d726c,9.0,9.0
5dd0b075c944d1174e6e3c5a,9.0,8.0
5dd1dc9110420023be388e5d,9.0,8.0
5dd1fe642b033b24c852394d,8.0,8.25
5dd276c9a643802932187844,9.0,9.0
5dd28beafce6062a4f5221b3,6.8,6.416666666666667
5dd2f7403c4937312433cc11,9.0,8.5
5dd31d3216d10c341d2d2c7e,9.0,8.25
5dd324424524e7334967690d,7.666666666666667,8.166666666666666
5dd32a633683dc33b2b29909,9.0,9.0
5dd332d218beb6343b22a5e4,7.0,7.5
5dd33bd8f01cbe3350807cf6,6.333333333333333,7.25
5dd340e3e25acf34bf91032e,7.0,7.0
5dd3488e181abc35d131ef34,7.0,6.833333333333333
5dd352c51c219b35931aefd1,8.25,7.0
5dd3699ee73e6136c640f1cf,7.0,7.25
5dd3d7787b6a663b7f0e3846,8.0,7.5
5dd3e6b66ca7e73c42b4eec8,5.75,6.5
5dd3f9593269923d6ccc5de8,9.0,7.0
5dd406d9c23e0d3e6dacc034,8.2,8.3
5dd4070a57a7e13efe25534a,7.0,6.5
5dd4767b32288646716dc98a,8.333333333333334,8.333333333333334
5dd4bd7ae4f4a0499548a810,5.5,6.0
5dd5bbf239bca15813cff296,9.0,8.5
5dd5bc3bd5cef8000b9861d5,7.0,7.5
5dd5db1ded7ea4574c7bc996,7.6,7.5
5dd5fa943708105b2a644e09,7.0,7.5
5dd61a909ca8a35c14d8d610,8.25,7.875
5dd671942b033b5ec8bc97b4,8.0,8.166666666666666
5dd6f563270f44688d3cd745,9.0,7.5
5dd7524d108b676f8d24a4a2,8.0,8.0
5dd7f64ecf8e7e78055d846c,9.0,7.5
5dd84869f83c9f7f8e25ce29,7.0,6.5
5dd8cb39dba6348743ec0915,8.0,7.0
5ddbdd54f30aa6b365b4ebab,8.0,6.0
5ddc91ba7d4595bf332f8b7c,7.0,6.5
5dddbebeb966ded354c7ab3b,6.5,7.0
5dde8fba82f458000c8c7c75,8.142857142857142,7.214285714285714
5ddea057ffc3d8e00ec74d1b,9.0,8.0
5ddef2e6929d5de6f1050f1c,7.25,7.625
5ddf1bea59b1b0e98cb178dc,7.0,7.0
5ddf58d87af661ed30fff14b,8.0,7.5
5de10a767292b61529705ead,8.5,8.75
5de1ef4ecb1b08240f97671a,6.333333333333333,6.583333333333333
5de33ff0cc246f3633dc01d2,7.0,6.0
5de40feb61872d000d8803ff,8.0,8.5
5de5538f8fde1c4dbc951498,8.0,8.5
5de59698a2db8951b9955ccb,8.333333333333334,7.666666666666667
5de5a2f38ae2bc5278311e35,8.0,8.5
5de5e8e5a1a3fb572da9cce5,7.0,8.0
5de79e713cf27970edc23950,8.0,8.5
5de7b588ff15c2a06658dd1d,7.8,7.8
5de7e24d97378d000b4eefb5,7.0,7.25
5de80e0b521f95791f912e49,9.0,8.5
5de855017d44177cafe19840,6.428571428571429,6.857142857142857
5de90f54a48441037ac21f43,7.0,8.0
5de9689935b10502ef568050,9.0,9.0
5de980f63d36b20b9068cfed,9.0,7.0
5de9863a5c91a40b4a969920,7.0,7.5
5de9ca3319398a0f991c84cb,8.0,8.25
5dea5ba4446c901777bde897,5.0,6.0
5dea76e109c1071948aed0ff,8.5,8.375
5dea961cf4c5e11bd9c4058c,7.75,7.375
5deaac8dff7f711d9032fa94,8.5,7.75
5dead51bb48fa7200b3d0dd8,6.5,6.75
5deb1865986140241391d84a,8.4,8.1
5deb9fe9b2caa1299d1da319,-1.0,9.0
5ded1483ad51833dce7ac867,6.0,7.0
5dee44454d7bea4e3f4b44a6,8.5,8.5
5dee65dc03364951083cd77c,9.0,8.5
5deec7e78b5f8b5683c0355a,6.0,7.5
5defe76ec33cea000b6cb8e1,6.0,7.5
5df0524c1217a00b60a0328d,7.0,7.5
5df11a727f08ed028418fa62,8.5,8.25
5df15bc3361a8506b94f79ed,7.166666666666667,7.916666666666667
5df3b781ff28a82967d0e41e,5.666666666666667,6.333333333333333
5df40839a1f3612e51ff72bb,8.0,5.5
5df4565dfeea89323021ef27,7.0,7.5
5df4ed2eae7b303760a9d47c,9.0,9.0
5df58b28ecb3ea3ed1ceea37,5.4,6.5
5df867af814bba5f7fafeb6b,8.0,8.0
5df88caf783225616ad3defe,8.0,7.5
5df9d7c2451be5738da84e4d,7.666666666666667,8.166666666666666
5dfa7f42fe10857dd1a8bfb1,8.0,8.5
5dfbb9eaae7b308dbf97a681,8.0,7.0
5dfebf5911999fb6692071f2,9.0,9.0
5dfeccdf4c81b2b61266d02e,6.0,6.5
5e01ac85617219d6da5ab31c,7.333333333333333,8.166666666666666
5e02285cac9e16dcddb845ef,7.666666666666667,8.0
5e06748cdeea2b0515e037b9,7.5,7.75
5e0795cbf9bc33000a747571,9.0,9.0
5e08389f67f170185698a2be,7.5,7.75
5e097142864020244036e40d,7.333333333333333,7.166666666666667
5e0aa9378f1faf32c47f560c,8.0,7.5
5e0acbffdc79bd35336ed6e0,7.0,7.0
5e0b780bd62abe3a4eba3cfc,8.0,7.5
5e0d416d13ec504cb9c43cbf,8.5,8.75
5e0e31c179f2fa58ed5bc904,7.0,7.0
5e0e49cfbf3d4e5b0925b2a3,9.0,9.0
5e11882114ae638303c715d9,6.166666666666667,7.0
5e121b2b82a955890a9b3484,9.0,8.0
5e13542bc12a3699bbdc8753,9.0,9.0
5e13ad514c81b2a01ae4aa9f,9.0,9.0
5e149c03864020aa6e1cf04d,7.5,6.75
5e1545d9b1fb05b6369d13e8,8.333333333333334,8.416666666666666
5e16c36093ab8bc8c1c27f35,9.0,8.5
5e17938e5bcd430947a98c2c,9.0,9.0
5e1882adfd7db4158998b5f0,5.5,6.75
5e1b7c078b6dfb3ab0565e50,9.0,8.5
5e1bb75a8e55e13e8e848319,8.0,8.0
5e1c0249b07c32408bdfa75b,9.0,8.0
5e1f7b9242998a2ab95cff70,8.5,8.0
5e21cfa097308b4b1dc8f24d,8.0,8.5
5e21d253c7fe654b45073bcf,8.5,8.5
5e24251b3e33586a5802206f,8.0,8.0
5e24ce20e3c71973d8ac396d,9.0,8.25
5e25cd6e4bf0bc000cba6291,4.0,6.0
5e260ea4e8ff3a85e65395ac,-1.0,8.0
5e2622adde8f270961b5fde0,9.0,8.5
5e26a04f727e048d3e0b9459,7.333333333333333,7.666666666666667
5e2721b01160079464059b5c,7.5,7.375
5e28ad9b6dbb5608131beb19,8.0,7.5
5e28f6f3a9af590c5b97b2b9,7.0,6.0
5e2926d80beb030ede110e67,7.5,7.875
5e2a2246ff519c000a305892,7.0,8.0
5e2be6efe179572183644844,7.0,6.8
5e2bf2153a9311222d4892c6,9.0,8.0
5e2d9faa72e2fa39058e5b4a,7.0,6.833333333333333
5e2de5a5ca99353d0b03b72d,8.4,6.6
5e2ef776425d8601c43079f2,7.0,8.0
5e2f4df549436751a44c8d8e,7.25,7.0
5e2f92e3484f9b5583eddcdb,7.5,7.25
5e31978166f7ac184c52c457,9.0,8.5
5e322c53287816210062d0ac,7.0,7.571428571428571
5e3309ad239ceb2d47d47c4a,-1.0,7.0
5e3360a4499e7932901951cb,8.0,7.75
5e33f0622878163a8387ee65,9.0,7.5
5e372f7ee63d3c000b152fc2,5.0,7.0
5e387b36caa8e1000da3f0f8,7.6,7.6
5e3a1f06bba7e623f17f5669,8.0,8.0
5e3a238e9d5f1e24d3805045,9.0,7.5
5e3ac9d20d41ad2da023d9ae,6.5,7.0
5e3c4f807635c2012090dc10,8.0,8.0
5e3d91a08dfa83000c9f4d36,8.0,8.5
5e3db8f9456974000afeb855,9.0,9.0
5e3dd36d19be0d040a17f13f,9.0,8.0
5e3f6b251d15101c5251d8b7,7.6,7.8
5e40cd8807d04430f28eef0c,9.0,9.0
5e432b707546fb1cfcd9e0b1,8.0,7.5
5e436fd5a21260000a4d49f7,6.0,7.0
5e438573651bae2106fb0f21,9.0,8.25
5e454881703c9401c7c3fe4f,7.5,7.625
5e4566e8f64db704b739b757,-1.0,7.0
5e4589f0dc89f106ff742885,7.0,7.166666666666667
5e4661f88bd52c1307647814,9.0,7.5
5e46fefc190716000bcc1b92,6.0,7.0
5e470b9563f714033f4b7a7f,9.0,9.0
5e483052a742a3000f7c15e8,9.0,7.5
5e4a1730c94447480594cea4,6.25,6.75
5e4aedd76f4883000e48bfe4,5.75,6.75
5e4b0189cdf5a6011838a6a2,8.25,7.75
5e4ce1b969ff371388c86078,6.666666666666667,6.5
5e4d9878130d9e1fb88e68d4,8.0,8.0
5e50bf5e2cfcc30ff7f5d870,8.5,7.75
5e51dfe3618c57215938d7b7,9.0,9.0
5e520fe5fe2087237b1b8cd1,9.0,8.5
5e52af8dd120e7000bc35826,7.333333333333333,7.833333333333333
5e53036cd91a8232a99e60fb,8.0,7.5
5e531b2205acdb33c0f5f24c,7.25,7.0
5e53f934158f1d3e9d2d761e,7.0,7.5
5e55483da19eae000c314220,7.0,8.0
5e554d861665625488a7733a,8.0,8.0
5e5593e29a302e59cb575f46,9.0,8.5
5e567cd58e4500024e8d096c,8.714285714285714,8.357142857142858
5e56a66121583601d3c3526a,7.0,7.5
5e573ba5ad27610fa25300aa,8.0,6.0
5e57613a151c201197693dd3,8.0,8.5
5e598487c713f818c914883d,9.0,8.5
5e59aa8dd3e2d31bb670008b,7.0,7.5
5e5c5cd271e46043eab5fc56,9.0,7.0
5e5ca080bb37ff47b09dd4cc,6.6,7.333333333333333
5e5d41f55b2b6e02899a1b90,8.5,8.0
5e5dddabde7bcc0f4e431817,7.5,7.25
5e5ec4b603a4721fa9447858,9.0,9.0
5e6018dc11009135c2154ede,8.0,7.5
5e60344611009137b29e78ac,9.0,9.0
5e606b1eaf84e83c728748d7,7.75,7.875
5e6139a2941dfb03f8bf1852,7.0,8.0
5e63912d08c2ef10e6a85688,8.0,8.0
5e63ff31e4e9bf183d956072,9.0,8.0
5e642e094eb0061c36579d1d,7.0,7.0
5e64629155bf351e8bd24721,9.0,8.5
5e646abe244a7f1feb0f6321,7.5,6.5
5e652eca7513cd000b552d4a,9.0,8.0
5e659dd9f2dd1f3226c38f71,7.5,7.25
5e668df31d7e1a4039d67b49,7.0,6.0
5e67b5c4a027430517877069,7.0,7.3
5e67f0321e4f0a0a657c1d08,8.0,8.166666666666666
5e67f8f38e1aca0a31ee82d7,8.0,7.5
5e68083669f4cf0c05439f94,7.333333333333333,7.333333333333333
5e685de0490eba10cf5348af,8.0,8.5
5e68dfbe9918b20349f76035,5.0,6.0
5e6a418620befe00096983d2,8.25,8.625
5e6a608ce62ce1000c940212,7.0,7.0
5e6cade3d92ffb26677dbd84,6.833333333333333,7.166666666666667
5e6d08da374f5b2c1f67aa85,6.333333333333333,7.0
5e6d6545993427329a35b800,8.0,8.25
5e6d93f7d038053607d17880,6.0,7.0
5e6db3f02649e03834220ef0,8.0,8.5
5e6e918521be18444d596213,9.0,9.0
5e6f930a8c586155bdfffc4b,8.0,8.0
5e6fe1df6319c15be2ea3524,3.0,4.5
5e6fe3e20e34ca0aa955b116,9.0,8.0
5e702661ff04d660078e2be3,8.0,8.5
5e7072e5fb136c63e94f3fa4,6.833333333333333,7.583333333333333
5e70f556ff93c704b41b2b70,9.0,8.0
5e711d9e908b46031e32138c,7.0,6.5
5e71210f2471fc03f2a62102,9.0,8.5
5e714543bb9f870679f01411,7.5,7.5
5e71556788152e079f80b73b,8.0,8.5
5e718a10031ef50be0aa2092,6.0,6.5
5e723ffcc1c46a022a71a6dd,7.0,8.0
5e725c81966bf419961abbbc,6.0,6.5
5e730aa954a7b42617d99c5a,1.0,4.0
5e7315864f3331260bc56c05,7.0,8.0
5e74003a82efd537f0587777,7.0,7.5
5e7413f282efd538fea9fe05,8.0,8.0
5e743a1d8c8f273b566b864f,8.0,8.0
5e75b3b5cf9c271200060583,8.0,7.0
5e77116039c4412820356b26,6.0,6.5
5e7751362226d42b52f254d6,8.0,7.0
5e77f95053032d0b15687284,9.0,8.333333333333334
5e782c5d99df853a6f1315f4,9.0,9.0
5e790129bd76c94a7b3aa7b6,9.0,8.75
5e792902c0da0d0cb5ee3de5,7.0,7.0
5e79340b6d9a624e3f39586d,7.666666666666667,7.666666666666667
5e79352ea4d7d30d65532c51,6.0,6.5
5e798102bb0d6153ce71c3dd,9.0,9.0
5e799448fb3c7055cdee5ecd,9.0,9.0
5e799a4602f92955a07c7546,8.0,8.75
5e7a0db8588326011907fb6a,7.0,7.0
5e7ad79b4a5c600c89af2462,8.0,8.0
5e7bc9097c3dc10d282d65e2,6.0,7.0
5e7bd30c451d18212b458afa,4.0,6.0
5e7cb742d29f7530898fb99d,7.0,7.9
5e7cf03fea45cb369b402703,7.0,6.0
5e7cf6a91b20a2370376ec18,9.0,9.0
5e7d21d4b7838b3a5fb29246,5.0,5.0
5e7d54301b20a23de6e1fb74,8.0,7.5
5e7e70c583c34c53f6c643db,6.833333333333333,7.25
5e7e9728b8637456f26f3372,8.0,8.5
5e7edbf14a5c605bfacfce70,7.0,8.0
5e7f9714e74e0c66d2a04098,7.75,7.75
5e7fbf90e06daa01664bc717,7.0,7.25
5e7fefe06c12706d47e35211,7.333333333333333,7.833333333333333
5e80d8569d1bdf03449b0c2e,7.6,7.6
5e810f7ab7838b803809d3c5,7.5,8.0
5e820a4e26ed71918013d860,8.285714285714286,8.428571428571429
5e82a7d6c17bb79ebe9b09df,8.0,5.5
5e83a35304f8a80a13ac590e,7.5,7.75
5e83a8bafb06b00ed70c32e3,7.0,7.5
5e83bb0601aa8c11929fa6d4,8.0,8.5
5e83fa901998d415bd2e5eb3,7.0,7.5
5e83fab3af601d15b6fef5c7,6.0,7.5
5e8408d21d9287000cae48bc,7.0,6.75
5e84765c7206730182a6f738,9.0,9.0
5e84be4fc39ab0054840a01e,8.0,8.0
5e857e9acec05016fd59b045,8.0,8.0
5e862e27f569ad0c21028e09,6.5,7.5
5e865a15d17bd61028ae0f14,9.0,7.5
5e8727fb90c37002d97ca052,7.333333333333333,7.666666666666667
5e87a7fae6b803426eebf112,6.0,6.25
5e87b6503b574043226609c0,7.666666666666667,7.833333333333333
5e87fee4c740a748f50a63bb,9.0,8.5
5e88cb47f23c8655935e7941,9.0,9.0
5e88e9f57a40f5577f4fe75f,7.0,7.0
5e88f058524dca58ab60da0b,8.833333333333334,8.166666666666666
5e8a10fdb4921a6a6ee61d88,8.0,8.0
5e8a26247ad7526bf85abbff,9.0,8.5
5e8ab4b84d3d6775b807e9ba,7.5,7.5
5e8ad30c67bb9677e3970773,8.0,7.5
5e8b50db95c6e00171fc6151,9.0,9.0
5e8b9c7054a5cc07dd6e174d,8.0,8.5
5e8bfc63e53da90ec5673f11,8.25,7.875
5e8c4ef7d1aaec03d6486c80,8.0,5.625
5e8ca66ce6592d0350103956,5.8,6.1
5e8cc937ee95da07853f938c,7.0,7.5
5e8ccdf9b3423e07b04b4853,9.0,9.0
5e8d3bbdcb3dc611389d1f37,8.0,8.5
5e8e4fc4bb7e470d85c008e5,8.0,7.0
5e8ea833d4e24915d6880320,9.0,8.5
5e8f8be517bd620d49b9b5d8,8.0,8.5
5e8fe10948e8062e52605345,4.5,6.25
5e9115dde9961610d06e08b8,7.5,8.0
5e91350e16b81046df5dcf52,7.0,6.5
5e921aa6a9e4ef549f6aa4f1,9.0,9.0
5e9402c78b4a3c252eafa204,8.0,7.5
5e948899616f297dd873cb1d,6.0,7.5
5e948edbbae84a7ddd396364,6.0,7.5
5e94b9964b34ff81dd869755,7.0,7.5
5e958157d5fa4490493e6c0d,6.0,7.0
5e95eb91a72181035dd053f3,3.0,6.0
5e9679a26b86610fdf2c766a,7.0,7.0
5e96a26dc5a849123463f9e9,7.5,7.25
5e96d0eefea475161115aba9,9.0,7.5
5e9732d6bafec41daaf8fc30,7.333333333333333,7.833333333333333
5e97478f8b670f09dad1fd02,7.4,7.4
5e975ea254955d0bfe9f7929,8.8,8.6
5e9791114b57800e79af5a2d,6.0,5.5
5e97af0bca82b6278c859323,-1.0,5.0
5e9893ed5638a10bda112333,7.0,8.0
5e9a13607f6aab090d1b4d29,-1.0,6.0
5e9a331602672c0c3ac47c34,7.0,6.0
5e9a363724927e0d07782751,7.0,8.0
5e9a85acff642f1158b7d33d,6.0,7.5
5e9b3c62943331040367e599,9.0,8.5
5e9b860b845ce808703dd6dc,8.0,7.5
5e9bc5c73a47a40d4ddc16d5,7.0,7.0
5e9bc7adcf719d0d4854a34e,9.0,9.0
5e9c8aace6eae81abf309d53,9.0,8.5
5e9c97d06897c703fb05e12c,9.0,9.0
5e9ce0a46976671ceda6082a,7.666666666666667,7.833333333333333
5e9ce726b7e350211b9ac963,-1.0,7.0
5e9d17806b65d7251242bb7a,8.0,8.0
5e9d549e36f025000a0ddc25,6.666666666666667,6.833333333333333
5e9dc4963217ff0f489c2287,8.333333333333334,8.166666666666666
5e9df26707933e1720927fee,8.0,8.166666666666666
5e9dfd0b5484b719c94cff0b,5.5,6.75
5e9e23f67266611ed1219178,9.0,8.5
5e9e884f0c8e5e25f51c6d0b,9.0,8.0
5e9f6e4e66dbcb0dc2c04dcd,8.0,8.0
5ea081a83dec4804d565f7fb,9.0,8.5
5ea0c966166d230d3969ef08,7.0,6.5
5ea0d8c7e106cc0ebc3262b1,5.5,6.25
5ea1119c737ba611c77c0b77,5.0,6.5
5ea13ab244408e146458610a,8.0,8.25
5ea1bb3ec066eb098519b672,8.0,8.0
5ea1fcf9dfd09210e8645727,7.0,6.833333333333333
5ea25b82a46065174c689daa,9.0,8.0
5ea2b420ed31711d6868e275,9.0,8.5
5ea3310bf9c4f828f0c909c5,7.0,7.875
5ea37341a5a4ea1381352857,8.0,8.0
5ea373a13602a7135cee9b13,8.0,8.0
5ea3ccb9aa7054355ea371b3,-1.0,7.0
5ea3e54c32fd2a37c8d34279,8.0,8.0
5ea492e3b1b3620a6fee3b90,7.0,7.5
5ea4a34e4085724768be21a7,7.0,7.5
5ea523b2a7782138712c7e1b,8.0,8.166666666666666
5ea5ba46461d105ac7fdb4fb,8.5,8.5
5ea5ce85c8a6d443aea2bb5d,9.0,9.0
5ea6467fe88f00661eb5638b,5.333333333333333,5.166666666666667
5ea6f8960deb82078a6ffb69,9.0,9.0
5ea7013f3fe3360abb654e38,8.5,8.0
5ea70fb15789a40c67f9cf04,8.0,8.5
5ea714d0ba872d0cc55cdd79,6.4,6.6
5ea720c9f599000d94151f4e,6.0,6.5
5ea72592a95dbf0c71404225,8.0,7.75
5ea749262a23e31252937fc9,6.0,7.5
5ea74bccac99141164dfceeb,6.714285714285714,7.357142857142857
5ea74ea1fb3f711081d6763c,7.0,7.75
5ea75e57fe8e7013dd8c1224,7.5,7.5
5ea7b376ba872d193c34dc62,8.0,8.0
5ea8154dcfd4dd20473ed88e,8.0,8.5
5ea8716537c7770c1290b09d,6.0,7.0
5ea876f4ea2ee42be043746d,8.0,7.5
5ea89ce6f0ff073086c282f5,9.0,8.5
5ea8aea9e641063184658126,8.0,8.5
5ea8bd7dde405c135b36267b,8.5,8.25
5ea8be59a6081b141edb65b7,6.0,7.5
5ea911550ffb2437c4241ec3,8.0,8.5
5ea91e89257581388e79adc6,7.0,7.1
5ea92954ef7ece00096faf5a,9.0,8.0
5ea96c3da01cad04cfea50b6,9.0,8.75
5ea97c8bd9092906246d2621,7.0,6.0
5ea9c07d1e683e1118000f78,7.0,7.25
5ea9c6541eb4f0121a911e1a,7.8,6.7
5ea9d17ebd3d1011e05655e2,7.0,5.25
5eaa020e5ac39b18082f97a6,9.0,8.0
5eaa26c17c3cbc1ae4881baa,8.0,8.125
5eaa287bfb0fca19f4306de9,5.5,5.875
5eaa6339b2e5311e8e020396,7.0,7.0
5eaabf0113401e01e554cd32,6.0,7.5
5eaad5dcc2e64603e5122442,8.6,8.1
5eab120dde58220b71cf6599,7.0,7.0
5eab26b28fdf2d0e3141f7ff,9.0,8.5
5eab768005687314cb9fe515,5.0,5.5
5eab81a183d00517ecc69645,7.0,7.5
5eab89102e910016bb0b5414,8.0,7.833333333333333
5eac240458076b2299539277,8.5,7.5
5eac6e70e481222bfb2a8872,6.5,7.0
5eacd70006f95f33990e3df9,7.0,8.0
5ead6b0e96a62440399d8caf,-1.0,8.0
5ead6f256fef94028e07d655,7.25,7.625
5eadf3b39c169a4a5a017f76,7.0,7.0
5eaecf0c3616515ad1eb1a5d,8.0,7.666666666666667
5eaf06728a4c375eb1a7f6b0,9.0,8.0
5eaf15bc1d4ec560bc37efab,6.0,6.5
5eaf1a2c649fd108284c2b5f,7.0,7.5
5eaf5e17fc65f76590f73519,7.5,7.5
5eaf77532b6845665ddefd09,9.0,7.5
5eaf89868dc798686228174b,6.0,7.5
5eafc593ea86b06dc1628d88,6.0,7.5
5eb02a40b17a8c0868685d32,7.5,7.75
5eb05058661fe60d7601edde,4.8,4.7
5eb06b4ab1f63a0f7384b7b9,8.0,8.0
5eb06b5c438b1810fe2e58a2,7.666666666666667,8.333333333333334
5eb0c3f05aeb111911ad74de,6.5,6.5
5eb0fda3718c921beb4834d0,5.0,6.0
5eb1080bc2728b1d513f5727,6.0,7.0
5eb10e1b6e2f921d6d6567dd,7.0,7.625
5eb166711c9ed5255c4ea6d9,8.0,8.5
5eb1a905bf6e002bd25a5da9,7.0,7.0
5eb1c7ea9d99fc30b502cc84,-1.0,9.0
5eb1e9b96c1f4713ed5d0a1e,7.4,7.5
5eb1f6fc96a926357133cbb1,9.0,9.0
5eb2130d443a54374163d76b,5.0,7.0
5eb21f99b7adcd373d58a6b0,9.0,8.5
5eb24e9991dfaa1aaf03a7b8,9.0,7.5
5eb25c0cc5b33a3aa08e0eb0,-1.0,-1.0
5eb29a3db97d6b0008d24a1a,8.5,8.25
5eb2f1a1ce5ba10ab2c0a042,5.8,6.4
5eb3137a95eefd0eb9985c5b,9.0,8.0
5eb33a377e2404137054ebe4,8.0,8.0
5eb35a554ff34414ebb41827,8.0,7.0
5eb35afb20c7f015a0697687,7.5,7.5
5eb35e715308a1157ae3b853,7.5,7.916666666666667
5eb3ade7c66e621a76d48c66,7.0,6.5
5eb4a3fb75168630c3e6fdb1,7.333333333333333,6.214285714285714
5eb4c6510ef386339dde2a35,5.5,5.75
5eb4d812d25d2534cacd8c68,7.0,7.0
5eb626e38224d351c2580802,5.5,6.75
5eb86384ed81047c65376aea,7.333333333333333,7.166666666666667
5eb9798c0c0c95075ce61dfb,8.25,8.375
5eb97fbd6e48da0780149530,8.0,8.5
5eb9af967fbf4b0d17bbe946,8.666666666666666,8.166666666666666
5eb9cbed3af3720f69cb5913,6.5,7.166666666666667
5eb9cea0d0a682113d2c05a1,6.0,7.5
5eb9ea44968b651244404aac,-1.0,-1.0
5eba16aa359030156a6d5d31,8.0,7.5
5eba2e33474e6517605faffb,8.0,7.5
5eba34aa6f816b16d72f49e1,9.0,7.5
5eba357c3d72c116be317542,7.0,6.5
5eba7dd788044a040e7d8d60,7.0,7.25
5ebab15a44263b000888f35b,6.0,4.0
5ebabe2f4d32da02ed3a6915,7.0,7.75
5ebaf9c3d131ca09d7a08a47,7.0,8.0
5ebb26803576b50eb12d87d9,7.333333333333333,8.0
5ebb48fa86aba5115f8f33c9,7.333333333333333,7.833333333333333
5ebb60fe5b408e13222c626c,7.0,7.0
5ebbfc3729e14e0372002deb,5.5,6.5
5ebc6d34046b2a0bc9f2b3b8,-1.0,5.0
5ebcb23a12a15210197d1d00,9.0,8.5
5ebcd8fc55e67d14203d0fde,9.0,9.0
5ebd52d8cb09d4000c9f64af,7.666666666666667,6.333333333333333
5ebea06f9d56a105c10f6315,5.75,7.125
5ec00f62cf12be40ea6fe344,6.5,7.5
5ec0a628aeb38236276f7d25,8.0,8.0
5ec18c4c2f44695b38204649,9.0,6.5
5ec2feeb47c4471339d3b2ce,8.142857142857142,8.285714285714286
5ec4413c7bd12a11f5d49e04,8.0,8.0
5ec441b77b846b31db2d328a,8.0,8.0
5ec44240144f4f30a24e7aeb,8.0,7.5
5ec453f93ba6b432bdf01d58,6.285714285714286,6.785714285714286
5ec4a0fffe991f37f61b356e,6.5,7.125
5ec571fbbe9f1b54ce2ea875,9.0,8.5
5ec5a705a9b68d5f1f482ce5,9.0,8.75
5ec5b367ec26b761ec0fc87d,6.4,7.0
5ec5d393295d6e655f9842e4,3.6666666666666665,5.0
5ec5e401a6c1eb663c46efcc,6.0,7.5
5ec6c3fe8197ce0e352fbfc1,9.0,8.5
5ec6e4ebdab574105b1bf4d9,5.0,6.166666666666667
5ec735fc4131bd17f438838c,7.666666666666667,8.166666666666666
5ec741f90b0a68183be0ac6d,7.0,7.0
5ec74aa8015f9f1a3452eb05,8.0,8.5
5ec81134ac7d6b2b9ac51453,7.8,7.3
5ec8179eb5b1d20f88b26120,8.0,7.0
5ec82c3f67c66a10c498ecf6,8.0,6.9
5ec8595410d64c343d8c7f2a,8.0,8.166666666666666
5ec8a23062738338f917576a,6.0,7.0
5ec96c9a80f84647e8582cb9,6.0,7.0
5ec9d530f7f5db50c71639de,7.0,6.0
5ecb2895bc80406a12e913a7,8.142857142857142,7.928571428571429
5eccbe0aa713d84c5bccd35c,6.0,5.5
5eccfd5e040498000acbab5c,7.333333333333333,7.666666666666667
5ecd65f6bdda300bbf1582d8,-1.0,7.0
5ece6a57886a6c22341b1ead,6.5,6.75
5ecf4b18f7b0443609e07646,6.5,7.75
5ed1247740e3ed03a7b6bff5,8.0,8.0
5ed1702b534bdc0c7d215298,7.0,7.5
5ed17f22e1dc340c98fd6bc7,9.0,8.25
5ed1e0f7ba6548028fc64722,7.333333333333333,7.833333333333333
5ed2fa0793788128b41df2cd,8.333333333333334,7.5
5ed442ea258f2e4098c6b153,7.666666666666667,7.666666666666667
5ed56587e879740cccc9d62a,5.0,5.75
5ed5ac56ee608714bb21075d,8.0,8.25
5ed5e0276122c5175e4509d0,6.333333333333333,7.0
5ed674a74aaed5093c46b6e8,8.5,7.0
5ed6a20e56cb1a0f7f8f7d20,9.0,7.5
5ed70903f3b2f8195f919e6f,6.0,6.75
5ed74a20ac241e1c4dfeb045,6.6,7.1
5ed7c2a9460b76287b2cda9f,7.5,8.0
5ed8748d4dbf2e3863002f76,6.0,7.0
5ed885609d0c93397b6b50fd,8.0,8.5
5ed93d13a7c31c4be57ef096,8.0,8.5
5ed94019c318241053930266,9.0,8.5
5ed94132a8b177107d611847,8.0,8.5
5ed944592219cb116588a9c7,9.0,8.0
5ed98dc98d52355330659711,8.5,8.25
5ed9df4296035b58dce21946,7.428571428571429,6.5
5eda93dcca52056b992dc4e7,8.5,8.5
5eda9c1285d97f13ff9ec230,8.0,8.5
5edacd8bca520571d4c0402f,6.4,6.9
5edaf0abba14031b7899eb3f,5.0,6.0
5edb269fd20f6b7884b4af69,8.0,8.0
5edc3f9696a72790ae256a27,9.0,8.875
5edc54406e439f905691b623,7.0,7.0
5edcadb5e81cb9000c4b07e0,7.0,7.0
5edd1133213f7a077ee2709b,8.0,7.75
5ede1b9de880a5035a41da35,7.333333333333333,5.333333333333333
5ede3d2ef7c9f9068776c4d2,7.6,7.7
5ede89655600b51030337511,6.666666666666667,6.666666666666667
5ede94e7c68c75125f23ecb6,8.0,6.0
5edef14e402f7d1ac3b97c74,8.0,8.333333333333334
5edf0bcccf71bc1c0b806934,7.5,7.25
5edf2043d53fce1c797d9f5d,8.0,8.0
5edf25ddf4b5591d19edc462,8.0,8.5
5edf474096c5381f5b2b66ca,4.0,6.0
5edfa08db0711a2891ebd61f,9.0,8.5
5edff301000fa631c7b5bd3b,8.8,7.2
5ee0010edfc47c33f1726e45,7.0,6.5
5ee1278f5e33964dcb11d20f,9.0,9.0
5ee12e737def25505356237d,8.0,8.5
5ee13fce6b82194fb7a8fedc,5.0,7.0
5ee143ff2ec63852160688cc,7.0,6.5
5ee156d710299316d829fe31,8.0,8.0
5ee1aff5d156f20008c98012,8.0,8.0
5ee241268698436ab99901cd,9.0,9.0
5ee2916b70aa643be19c0036,8.0,7.9
5ee2a7978099c00d4793c807,7.0,7.0
5ee2aa08fb2efb7bf0d0f60c,7.333333333333333,8.166666666666666
5ee2b44f470fa7446a470c8d,8.166666666666666,8.166666666666666
5ee391b86d4aaf01d972a327,9.0,6.0
5ee3c4bda54f6807aced1eb9,9.0,8.0
5ee3c8f2eca1a2085413c9d5,8.0,7.833333333333333
5ee3fddcc8ba5c0ecbd0699e,7.0,7.0
5ee4a9a018f5a91af3e985cb,6.5,7.0
5ee53940e704230cfe9c301f,7.4,7.3
5ee584e4acfd341ac542b0c9,8.0,6.0
5ee59169fbedfb2dede8cea8,8.5,8.375
5ee6511c69b98d0129d62f27,8.5,8.0
5ee672f87fecd30400e752f1,8.0,8.0
5ee69bf1ebbfd2420a065289,7.0,8.0
5ee69c554039c841faafb13d,-1.0,9.0
5ee6c849ecd49045280d2ad8,4.0,6.0
5ee6e0d2ccd83446a3611dd3,8.0,8.0
5ee6eb360d297347867f3e6d,9.0,8.5
5ee6f70bf796cb48968abc42,8.0,8.0
5ee6f91291a7f3467cd37704,7.0,6.0
5ee70f2038ee524987f6e9cd,8.0,8.0
5ee737e98452ec4c9cc1a1f0,8.0,6.0
5ee7903e80706a01ea855d36,6.0,4.5
5ee84653635dc301d2f8d5b8,5.0,4.5
5ee8f92c564e6212704b2315,7.0,6.0
5ee91d6e634e8e1290804250,7.5,6.75
5ee9201596dd421333942d06,7.666666666666667,7.833333333333333
5ee9617bd87fcd309db3fb2f,8.0,8.5
5ee9c0d2de277c3621bfb1c5,9.0,9.0
5ee9d0dfab4d21000ae469c7,9.0,8.0
5eea18fc3e537f0c21f2e9df,8.0,8.25
5eea4a214c865810724760f1,7.0,7.5
5eea596158a5a50f8e29547b,8.0,8.5
5eea95eb104faf15face3b81,9.0,9.0
5eeaa8ee94a7f8046a02a20d,8.0,8.5
5eeaae03e1959f18cd331cd0,7.666666666666667,7.916666666666667
5eeaae5f4c86581c32bf9a82,6.5,7.0
5eeabb917a37001964adb396,8.0,8.0
5eeacbef6580b820c71e449c,8.0,8.5
5eead18ae1959f1b046d1e4f,9.0,8.5
5eeadad1a8405e1bf5c8c7d4,5.0,5.5
5eeaddb294466620617d4869,7.5,7.75
5eeae0b5d11ddb2126b1e2bf,9.0,8.5
5eeb412dde2ce12142b917b3,8.0,7.0
5eeb88f7507eb331b39e0d1a,7.0,7.25
5eeb9d5c417b5b34b8ceed17,6.0,7.0
5eebc4bdbc56df3150e4ed27,3.0,6.0
5eebff91bd2957196e75d9c7,9.0,8.0
5eec1b5d66afb73e27bb8c96,8.5,7.25
5eece89d63352e0c327ddb0b,7.5,7.875
5eed1bae9e63ac127ac15a77,8.0,7.9
5eed8bec94fa2f1be77c189a,7.0,7.833333333333333
5eed9581cb94ad1c85a27259,6.0,6.5
5eee262c7da4d228a43a4027,7.0,8.0
5eee2f5b6a22952a2bce82fc,5.0,5.666666666666667
5eee306006ab9629fb76858c,8.0,8.5
5eef1e59872e07000ba6cb37,7.333333333333333,7.833333333333333
5eef7517c8692d20c3279493,5.5,6.375
5eefcccaf9461b13feb83c5e,7.0,7.0
5ef00318f05e8b4fc02145ae,9.0,8.5
5ef060014ba8c51fbf60b54c,8.0,7.5
5ef0b9fefb4e033ed8364c10,8.0,7.75
5ef0d0a8074e4c413a113a68,7.0,7.5
5ef0d2abecae6d04de905512,9.0,8.0
5ef1086d5234d40c8a15754a,9.0,8.5
5ef134a5b2112b1207d5c65c,8.0,8.5
5ef19d99454675561e3fc9bb,9.0,8.75
5ef3aa388ec82e1307ba5b02,7.0,6.5
5ef3e76be991b816cd499e69,7.8,7.8
5ef418a3637bb41d140de7e4,8.0,7.5
5ef4f98e50dc6b12b6476d5d,8.5,7.75
5ef517ab79cf2c15b7452eda,5.5,6.25
5ef530ed22eb1d18a02d5701,4.0,5.5
5ef54b31234db61ac1c7fdb0,7.0,6.785714285714286
5ef6743fa4d98d36b3d86694,6.75,7.25
5ef6bb87b83f3b000a3f04ae,8.857142857142858,8.357142857142858
5ef6d07be683903cd5ae171d,8.333333333333334,7.666666666666667
5ef6d363d195c23ce977b6c4,8.0,8.333333333333334
5ef831c97dcd65573bbb0649,7.25,6.875
5ef865fa1fb3f55b2f7f3f74,8.0,7.0
5efa5f1e85fd3488ef3fd4f2,5.0,6.0
5efabf3ac16df890cee2b41e,8.0,8.5
5efb5f77ef19f50a68564191,6.0,7.0
5efbbac9041ae7163c083d36,7.0,7.0
5efbd589ceb6b9190882911d,4.25,5.625
5efbdfe2d66b1418c2ba858a,7.666666666666667,7.5
5efbe4f0c9f37c1a3b70afaf,7.25,7.375
5efc9e6602650605d21ca962,7.0,7.333333333333333
5efd41a487c4ec1945330e9a,6.5,7.0
5efd4df059990518c92eca95,6.0,6.166666666666667
5efdcf388c837e24c1bbb083,8.0,8.5
5efe1fa306bbc52e5fde738d,5.0,5.5
5efe33b14177723069d82cfd,7.25,8.125
5efe549cd061693579bff438,9.0,8.0
5efe8b72abf513385a21eecc,7.0,7.5
5efe907ba8384039f55a9625,9.0,8.75
5effc7a64495250cbb0d8de8,6.333333333333333,6.166666666666667
5f00bbd203e3291e95806b56,8.0,8.0
5f00cc127086ce2029ae6541,8.5,8.125
5f0107db94097c2544c516e6,7.5,7.75
5f0142aa1eb1e528e7abce50,8.5,8.75
5f0165065e7e8b2a6cfb4c19,8.0,8.5
5f0293ca91b83b4294d6685c,6.25,6.75
5f0298ad4a1b58435567e7d4,7.0,7.166666666666667
5f035993cc8d3253768d9804,6.333333333333333,6.833333333333333
5f037eb9de02ff2a0082dda3,8.0,8.5
5f0395a63963d05bc235abdb,9.0,9.0
5f03e4a77df42060e6b3dd13,7.0,7.166666666666667
5f04797c88d91307286d6379,7.8,7.4
5f053720c017078437e04818,6.142857142857143,7.1875
5f055b6ca28292863f750383,4.5,5.0
5f067c54f05beb1e8392a532,4.0,5.0
5f07070d75038e05e9fcf515,6.166666666666667,7.166666666666667
5f070947ea1cc729b610c462,7.0,5.5
5f070f6f0b00e807015e68d4,7.0,6.5
5f07c86524cc101f35f443e6,8.0,8.125
5f07ec0ec025b5421c3e3379,7.75,6.625
5f08891e392f740a659bbc7d,6.0,5.0
5f08916db314750bc9206ce8,6.5,8.166666666666666
5f08bea1c1c4e111f286d7d1,6.5,6.5
5f0963c6310eaf000b922e94,5.5,6.25
5f0a1bbf4095fb1232dc7940,8.0,8.5
5f0aa896791e0236de3fbdcb,8.0,8.0
5f0b33e16edeb5429793f878,5.833333333333333,6.5
5f0bd06834894f4fb33be017,9.0,8.5
5f0c058eda9c680009ef5de6,6.5,7.5
5f0c61f219803a07239a4269,7.333333333333333,8.0
5f0ca4c7b278534b639a6891,7.0,8.0
5f0cb89500197b14736aa784,6.0,7.5
5f0cce2c0a181350357ef913,8.0,8.5
5f0df6c9b64b5107b88cbd4b,7.2,7.1
5f0e08d6cee7a90b940fb9ab,6.333333333333333,7.666666666666667
5f0e16a89f0d68127670c288,7.0,7.5
5f0e30afab8b8f15654689e8,8.0,7.5
5f0e50c3a8d93519188a7525,6.6,6.0
5f0f62de21b8db102948c958,8.0,7.833333333333333
5f0f74f79ae45313d4652776,7.0,7.0
5f0fa78daeef1d18edccd806,8.5,7.5
5f0fcdf51ab5551ea56a297a,9.0,8.5
5f112c3557b476490891ec16,5.333333333333333,6.666666666666667
5f113ec4c304894ad573296c,9.0,8.6
5f11f693a02cfb0f417c3c02,9.0,7.0
5f11fc790127d60008657bfe,7.0,6.0
5f1221640ad01c141571dc50,7.333333333333333,7.833333333333333
5f12264477e2150008d329fc,5.0,3.0
5f122a156da6b5164a0a028c,7.0,8.0
5f1269b2bf131c1c3ad768b9,8.5,8.5
5f1293fd0e75a71ff5a9d088,8.0,7.5
5f12a44dadcb8421418b6a80,6.2,7.3
5f12b2d469688113079cc273,8.0,7.75
5f12f20001f4ce0008767b19,7.666666666666667,7.833333333333333
5f130f1ced1d352c7cd914dc,9.0,9.0
5f13bae4a544193e6b94b0cf,8.0,7.5
5f14c40b8a043d54837e0601,8.8,8.2
5f14cf327627fb00097f9a8a,8.5,8.25
5f14d5cdb5d4c20e78dc1672,7.0,6.583333333333333
5f14e0f456500058ee865863,7.0,7.0
5f15da27044c9b700c9b7432,6.5,6.0
5f15e493d2423e70aa0aa3a2,7.0,8.0
5f15fbdf2c61ce144ceeb357,6.0,6.75
5f160a9a0d20cc1450342fe1,7.0,8.0
5f16520a9e2ee97d266d4241,6.0,7.166666666666667
5f165eddcff9011bb582c376,6.0,6.0
5f1664b2988fa11bd92ee0fb,7.0,7.0
5f1664c5e764871cf6d224aa,6.5,6.0
5f1681427a99fb7e7d6bbec6,9.0,8.5
5f16fa8069dc2901cd1e0b05,7.0,7.0
5f17821d53d8590009cfc951,6.75,7.3
5f17909c1cdb3701aad2d11c,8.0,7.0
5f1797269c4348022140d2f9,9.0,8.0
5f1798fcec2e75013c28cfc7,8.5,8.5
5f18fa06ade41e1406c07a34,9.0,9.0
5f18ff404f90fe1473c2e3b6,6.333333333333333,6.333333333333333
5f195ead0ccbf2018572a26f,7.5,7.75
5f19ad917bbdf2021cafbedc,6.0,7.5
5f1a93900aff791b8c4444f5,8.0,8.5
5f1b1822f97ccd2b3e486960,9.0,8.0
5f1b1f6a908b2609a62ab7ad,8.0,7.25
5f1b2282a3103e2caff2fd7b,5.2,5.6
5f1b95cfe2161c3aeea48077,7.0,8.0
5f1ba4b61d8b7c3adf75d9e0,7.333333333333333,7.166666666666667
5f1be24b23199840b6f741e0,7.0,7.5
5f1c9c4c1ca48b000961faf4,9.0,9.0
5f1cc717981bb7584655fe62,6.666666666666667,6.5
5f1d266c6f7d7f62a219fade,7.0,6.5
5f1e2d97255c767dbdd67c86,6.0,7.5
5f1e9b5ffe1f70029559f24c,7.0,7.333333333333333
5f1ed1caed4f03012ac210a0,9.0,9.0
5f1f02dff0628308ca27f3ba,7.0,8.0
5f1f2873b203930cdcb8fa4d,9.0,7.5
5f1f2cf5a441a30fa1b79b2d,7.0,7.25
5f20240d7dfbcc294161ba43,9.0,8.5
5f220462c16ecb68c97ccad9,7.0,6.5
5f2226b52841bb6c1e759c13,9.0,8.75
5f23ff398626c51fdd6c3fb5,7.571428571428571,7.785714285714286
5f26378609aca228dcfd19fa,6.0,6.5
5f26523b9e04df29fc462ea6,7.5,7.75
5f26bac88dfa6b4245d86e2d,7.0,7.0
5f2712b3488e134d570bc387,8.0,8.0
5f2850a9d9a5f01279e1bd16,6.8,6.9
5f289ddbb09b371e42173fe3,8.5,6.5
5f29cc9048d8b1151c92f9f1,9.0,8.5
5f29dfe7512c2817f7957e1a,7.142857142857143,7.285714285714286
5f2c32ad4fb75e0ac17a60f5,8.0,8.0
5f2cc8cebc4bd01d61151550,6.75,6.75
5f2dc72a2839110f8f256ec9,7.0,8.0
5f2dd9a6f7105d130903473b,8.0,7.25
5f2ef358d45f6110ad8ba935,9.0,8.0
5f2f6bd965964e35e20c7445,9.0,8.75
5f30841ff614014e92784605,6.75,7.625
5f31841d1f74f304ef5567f7,8.0,8.5
5f31961c57eb9507db148757,7.0,5.5
5f31c7c8152f590f64c8e902,8.5,8.25
5f33f1bcea047124b738476d,9.0,8.5
5f3441525cafc1321ef51ac0,8.0,7.5
5f352e9b8ad4af48c58d8143,8.0,7.833333333333333
5f3546fa1fe9184d7f649d65,8.0,8.0
5f375d51fae4971ed086f809,6.666666666666667,7.333333333333333
5f3864a4596925371d23631e,5.0,3.0
5f3898caed1478189b8462a0,8.0,7.0
5f39a2f898f81753f878f7f9,6.666666666666667,7.0
5f39ae82822a9e558a63d053,8.0,8.5
5f39c08c4b0c7456a60d4932,7.5,7.75
5f39d80f9bbaf517512eb86d,8.0,7.75
5f3a06ed07aaa21cd8a2e3b4,7.5,7.25
5f3a99865242340d71f85620,7.0,7.5
5f3ac1732efa0a74f975b1a8,7.0,6.3
5f3aead81965e27c4a531d95,9.0,8.0
5f3b2b15f5d396257a4cd215,8.0,7.833333333333333
5f3c2648a9ef86a4c10de377,8.0,7.166666666666667
5f3e9f121e84430ec9310a7b,8.0,8.375
5f3fecd2bc9bac0b4ca93d30,8.0,7.875
5f400d4a51a8cd1011b37455,9.0,8.0
5f40844f08e4b91ce5dee945,7.5,8.0
5f40b04fc9ed761f282ca31e,9.0,5.5
5f416c04539a9d31180b1648,9.0,8.75
5f419b522dc53535e3ee8f0e,7.0,7.0
5f42c2f45333624dea17b538,9.0,9.0
5f440d9f63546316e56a10d0,8.0,8.25
5f469dcf5fcb5d0355771013,7.285714285714286,7.642857142857143
5f46d30b7190200a2cb1905c,9.0,8.0
5f4723d5d8bdca116b466a70,9.0,8.0
5f47b6587dfbf11be8eda97c,8.0,8.0
5f47e116dbc4a2230a521331,6.0,6.75
5f47f0dd26b052111e2d323b,9.0,6.5
5f481e6faaf9582bdcd9697b,8.5,8.25
5f481f85c6a7d02c489665f2,8.0,8.0
5f4828b6dbc4a22da4be4d72,8.0,7.0
5f482b0da1cde52de45f174c,7.6,7.0
5f482c4fe3554b1966defc03,9.0,9.0
5f482d1cb56e682de577bd46,8.0,8.5
5f483a1fc209342e6f419be4,8.0,6.5
5f484cef1d9c4630fdf85265,5.0,6.5
5f484d7b5a01ee31c81bf9df,7.0,7.0
5f4871d41c384e3435c7e092,7.0,6.5
5f48843bab878a22705b30b0,5.5,6.5
5f48bc9bcf3436245e79a2c0,-1.0,9.0
5f48fc7ff922922cbcb9c25d,6.5,5.5
5f49553539747213d0e5f1ae,7.5,6.5
5f4964284f80c214e8404fc0,7.0,7.0
5f499b471c384e50e424e5a9,7.0,6.833333333333333
5f4a4da1575d605c43bef871,9.0,8.166666666666666
5f4a7225cf944c08a81adca2,6.5,5.75
5f4acc7968b4376a97fcea19,7.0,7.0
5f4afb1288eb746d1804dc1e,6.0,6.5
5f4bc3259e842579bf1a8b0a,8.5,7.125
5f4c043843154b0efb8a1a25,6.333333333333333,7.0
5f4c17256e656770da1ff9ee,4.5,5.875
5f4c3b115080c673d7923c91,7.0,6.0
5f4c5105ad5ee685d48bcca2,7.0,7.0
5f4c9e74da9c148b0d42ecbd,7.4,7.4
5f4cf071633ed2922c6e06dd,7.666666666666667,7.5
5f4d2156f727e10c3c2c4a35,7.666666666666667,7.166666666666667
5f4d3bfd17e6749c197ef1cc,6.0,7.0
5f4d435c030fef9d0136b496,6.5,6.5
5f4d4ad0fdcc2b1371ceec98,7.0,8.0
5f4d53f96aa639a0d605052e,5.6,6.5
5f4d92a4584ab6064be44ce5,8.0,8.25
5f4d953dc185c2a72d7d56ab,5.0,5.5
5f4da0c092c4bb080b6c0ebb,9.0,8.0
5f4e391f5dbb441153a43289,7.5,7.75
5f4e7f5ac0126206d331b7b2,8.0,8.5
5f4e8f0ac0126208c0db2f91,6.571428571428571,7.071428571428571
5f4ee74eb0bbd513fda75ffb,6.0,6.5
5f4efbf90b8cc113d26921a4,8.333333333333334,8.333333333333334
5f4f29b8c154ed17df64546b,6.0,7.0
5f4f880fe0a90c049c47adca,3.5,5.75
5f4fd45ac62ac40f6bdf8ee1,9.0,6.0
5f4fe72e9468441227166179,9.0,8.5
5f502bf5e0375819a32f2e16,8.25,8.125
5f5046b65bd4a21aab7422cd,-1.0,6.0
5f5053004eaeb51d946fe1ff,6.0,6.5
5f50544b526bec1ce4a44f70,7.6,7.5
5f50732850c7c600098593df,7.5,6.75
5f51263e54863a31bd83b07d,6.5,6.75
5f51265c4873f23082851a5c,7.8,7.2
5f51268b7abc4a30c4d8240d,7.8,6.2
5f5127e45185c93094565dcd,6.75,7.625
5f5128258dff8f30b0c3c1eb,6.75,7.0
5f514f870e7da937375cdde0,8.0,8.0
5f51530ebc50f53857d60824,7.0,7.5
5f517ddee960a93daa69b8bb,6.0,6.833333333333333
5f5295b28bb79656686ac868,6.0,6.0
5f52b70c47022a5b8ae771b5,7.0,7.0
5f52c941fc18905c7e8f78fd,6.5,7.25
5f53d12e8401650d33179059,8.0,7.166666666666667
5f5452df72345118f58d187b,8.0,7.375
5f557591aa1c4e950ba02f01,6.6,7.3
5f55970526475e96dc125bd3,8.0,7.5
5f55b2de5c3cb118507479f5,5.833333333333333,4.833333333333333
5f563397d628840162b467dc,4.5,5.25
5f568b81712ed00cb3759181,7.166666666666667,7.583333333333333
5f56b56b0fa1b412025708cf,8.0,7.5
5f56e1d1b72358165158550d,6.8,6.9
5f57120cba207c18f058a62b,7.0,8.0
5f57f60be98f8e3493e3f739,7.0,7.5
5f582002dff3f038d1eb83c4,6.0,7.5
5f59a1b945fc451ff6152886,5.0,6.75
5f5a3a4c829f790a5c6d1ff2,8.25,8.625
5f5a6c23009333128f6f7d82,6.5,7.25
5f5bac39ce8ed832aa378a53,9.0,6.5
5f5be35f7e4af23a5145586f,5.333333333333333,5.833333333333333
5f5c2d8dc6768e436b290d73,7.0,6.5
5f5ce2af3329104f89c492a9,7.0,6.0
5f5ce7f940a2614f6cb6e747,6.0,7.0
5f5d072a03bb910d975cc8ab,7.0,7.0
5f5d699b1b86c05bcf242f45,7.666666666666667,7.833333333333333
5f5e8c58f7e0497501c4e356,8.5,8.5
5f5ea24540d99b76cb6af503,6.0,7.5
5f5eac716f1f7176f11d2bf0,8.0,8.0
5f5eb22e58c9fb7782a6e90c,7.666666666666667,7.333333333333333
5f5fcf3aa5691f099d7ed990,7.0,7.333333333333333
5f5fdc58bf88350b1c455de4,8.0,6.5
5f5fdd9ae0a5c90b28f6372e,8.0,7.0
5f5fffc902adba0e8f3fdb75,3.5,5.0
5f60371e80ea02132146968e,6.666666666666667,6.5
5f60a93d6baab60522f3d1fa,5.0,7.0
5f60d31390a8c1044e775b18,7.4,6.6
5f612984e5033f09587f0faf,8.0,7.875
5f616e6d5399870fad4c4d17,6.0,6.25
5f62498a23e52627a1dbda93,6.0,7.0
5f6388bf9ae5ad07ba1a0173,6.333333333333333,6.5
5f63a85000cc960cd8c64767,8.0,8.5
5f641cfa0c8b8b19b424aa4d,7.5,7.0
5f65597823696e0e9bd8f63a,6.25,6.5
5f657048f1af6f0fac94a852,7.0,7.5
5f674f8b8dbc2b0416c59902,5.5,6.25
5f67c86c73bbcf40f72deeaa,8.2,7.5
5f67f123a9151c4484c6e1f4,5.833333333333333,6.416666666666667
5f6817d32dac2317c0453f2a,3.0,6.0
5f69256939716410ede6f2be,8.5,7.0
5f6a9691737c9117d1ed1152,8.0,8.0
5f6b69d064b69d05a7c7c621,6.666666666666667,7.5
5f6b75742bd7e60776191cb4,7.166666666666667,6.916666666666667
5f6b9e2aab8b000def48cc53,7.666666666666667,8.0
5f6bd7c0fddb9f153e52cdb1,8.0,7.5
5f6be2474140c215c8ebbe52,7.0,7.375
5f6c7fd05c4f380266f5b78a,9.0,9.0
5f6cdde7a8d71310b06e402a,7.0,5.0
5f6cefecb8137d13565d8c33,7.333333333333333,7.333333333333333
5f6dc2d7fa66e824dbf70d24,8.0,8.0
5f6e71f3b273c13b726f3622,6.8,7.1
5f6e7ce18d7ea83c39acc2d5,6.333333333333333,7.5
5f6fe97d8641835be70202bd,5.5,6.5
5f712c16875f0375275c57d5,6.0,7.0
5f7197fef298597c841d9ea7,9.0,8.5
5f71eef2e138fe08fba1d131,7.0,7.0
5f722f85f1b79f1326f59ada,8.0,7.0
5f72d964dd42802225ed83c6,7.75,7.75
5f7357ed17b7c1054311b85b,5.333333333333333,6.333333333333333
5f741b74992460061db87287,8.0,6.5
5f74c1ba1150ed0d689c831e,9.0,6.5
5f74d520b30576105d455fcf,7.0,7.333333333333333
5f75f66541d27f011212af83,8.0,7.0
5f7650394e4cec0eb873e182,-1.0,9.0
5f775d8ac99f3125e763b144,8.0,8.5
5f7794db1fcf8419cb697f2d,8.0,7.0
5f78dc19c0ca6c1197e189ab,7.0,6.5
5f7a0bc4853bd46503a27113,6.5,7.5
5f7a71273223ce16be6ec4a3,6.5,6.5
5f7b058486367d0229c422d1,9.0,9.0
5f7b883e86b82815a5a63f06,9.0,8.5
5f7ba78144712b190d608580,8.0,7.5
5f7e700fa9c86614bbb5343a,8.333333333333334,7.833333333333333
5f8239eda08cb4367e704ba2,7.0,8.0
5f823bb0349c5037632a2bbb,9.0,7.5
5f84093b9b3e190008131671,7.333333333333333,7.666666666666667
5f84e179b04d981b82eec08f,9.0,8.5
5f880d491c31fc25c442fa70,9.0,9.0
5f8b1c0849eea7208ee49a38,9.0,9.0
5f8bbce9ee73572fb4ee63fd,7.666666666666667,6.0
5f8bc33039724030231214bc,6.0,6.0
5f8e2a9201810e1f2b9f63a2,7.333333333333333,7.5
5f8f590a06d17e1aafb3e50d,7.0,5.375
5f8f5b679cbcab1b8b064970,6.0,6.25
5f8f826bffb7ae1fb5dad299,8.0,8.0
5f9046884e1e100ba07765be,9.0,8.0
5f907b351fe59213d2314559,9.0,8.5
5f91a4aeb9f8bc031e8c27c9,8.0,7.0
5f91a6fd02a12e041dd41ec4,7.0,7.0
5f92e13ff89ab603071b6125,-1.0,8.0
5f93386aec8f5f0e50933a4d,6.0,6.75
5f935494c542c2119a47e3c4,7.0,7.0
5f94aa40f830e83034baa1c0,9.0,8.5
5f95652e3cc3b13bbb321626,9.0,8.5
5f95c1590b160b4597c93a76,7.666666666666667,7.833333333333333
5f95dba27ac0f247b0177e9d,8.0,6.5
5f95fab20e1d0f12f97f4f93,7.0,8.0
5f96fe135f09520451546f1e,9.0,9.0
5f97876ff0dac31565af2afe,8.0,8.5
5f978c9948915015fb3bd00a,6.666666666666667,7.0
5f97a2147222e0171a3a651b,4.0,5.5
5f989f291028cb1a8b555969,9.0,7.5
5f989fa02b5a611b2df1a305,7.0,7.25
5f98aeb71f6d0e1cec74defb,7.5,6.75
5f9addbfc4733c24f8e81be3,9.0,7.5
5f9b44bb3e13ec35fc8894d0,7.666666666666667,7.5
5f9bce73f770af3f314336f1,7.0,5.5
5f9c755c87a954121022de9e,8.0,8.0
5f9c9d259e7c0a17abe03413,7.5,7.625
5f9ce612801a251ec3c07ecf,8.0,8.0
5f9ce8cd0c6e891eed46dccc,8.25,7.0
5f9d9521d0edb72c4a201709,7.5,7.75
5f9dbe7b71894b333e8722f7,6.5,5.5
5f9ebe0aef3e674711654bab,8.0,7.5
5f9f1dd3e20fb253392e4bf3,9.0,9.0
5f9f6e40ea7f965ca33bf97f,9.0,9.0
5fa00df9f09b1d00088801ee,6.0,7.5
5fa0270a0f22bc03bd0380ee,7.0,5.5
5fa072f4f4aa580b63834357,9.0,8.5
5fa178d8e80131145a90af3b,9.0,9.0
5fa19ff29675d12de2935107,6.0,6.5
5fa1da0b8810903802fc6390,9.0,8.5
5fa41b6733b31601ac3f79c5,7.0,7.0
5fa46f7a614df30ea736fd1e,7.0,7.333333333333333
5fa6006c1355231e6094a472,7.666666666666667,7.833333333333333
5fa727ceb78937465e777bc7,6.0,7.5
